{
  "description": "项目私有配置文件。此文件中的内容将覆盖 project.config.json 中的相同字段。项目的改动优先同步到此文件中。详见文档：https://developers.weixin.qq.com/miniprogram/dev/devtools/projectconfig.html",
  "projectname": "%E5%A4%B1%E7%89%A9%E6%8B%9B%E9%A2%86%E6%9C%80%E6%96%B0%E7%89%88",
  "setting": {
    "compileHotReLoad": false,
    "urlCheck": false
  },
  "condition": {
    "miniprogram": {
      "list": [
        {
          "name": "",
          "pathName": "pages/index/index",
          "query": "",
          "launchMode": "default",
          "scene": null
        }
      ]
    }
  }
}